order_item_id,order_id,product_id,quantity
9001,5001,106,1
9002,5001,101,3
9003,5002,105,1
9004,5003,101,1
9005,5003,102,3
9006,5004,102,3
9007,5005,104,1
9008,5005,101,3
9009,5005,102,1
9010,5006,101,3
9011,5006,105,3
9012,5006,103,1
9013,5007,106,1
9014,5007,102,3
9015,5007,103,3
9016,5008,104,3
9017,5009,104,2
9018,5009,105,2
9019,5010,102,3
9020,5010,101,2
9021,5010,103,2
9022,5011,101,1
9023,5011,106,2
9024,5011,104,1
9025,5012,101,2
9026,5012,105,3
9027,5012,103,2
9028,5013,101,2
9029,5013,106,2
9030,5014,106,2
9031,5014,103,3
9032,5014,104,2
